Episode,Reward,Round,Accuracy
0,-8.302217967633347,50,0.9389
1,-4.420641126644447,28,0.9509
